{"cameraMode":{"drawMode":0,"name":"Shaded","section":"Shading Mode"},"sceneLighting":true,"audioPlay":false,"sceneViewState":{"showFog":false,"showMaterialUpdate":false,"showSkybox":false,"showFlares":false,"showImageEffects":false,"showParticleSystems":false},"in2DMode":false,"pivot":{"x":-9.8665132522583,"y":-11.2274169921875,"z":68.17628479003906},"rotation":{"x":0.09293372929096222,"y":-0.0724891871213913,"z":0.006769830826669931,"w":0.9930550456047058},"size":91.52494812011719,"orthographic":false}